SampleNumber,Test,Location,CollectDate,CollectTime,OrderDetails_User1,OrderDetails_User2,OrderDetails_User4,OrderDetails_User3,Result,Param,Results_Units,Site
250508006-001,TDP,,07-May-25,00-Jan-00,0.7,,A,,0.354,TDP,ugP/L,Field Blank
250508006-001,TP,,07-May-25,00-Jan-00,0.7,,A,,0.434,TP,ugP/L,Field Blank
250508006-001,tNH3,,07-May-25,00-Jan-00,0.7,,A,,0.494,tNH3,ugN/L,Field Blank
250508006-001,Alk,,07-May-25,00-Jan-00,0.7,,A,,1.950000,Alk,mg/L as CaCO3,Field Blank
250508006-001,TN,,07-May-25,00-Jan-00,0.7,,A,,11.855,TN,ugN/L,Field Blank
250508006-001,NOX,,07-May-25,00-Jan-00,0.7,,A,,-3.053,NOX,ugN/L,Field Blank
250508006-001,pH_L,,07-May-25,00-Jan-00,0.7,,A,,5.65,pH_L,,Field Blank
250508006-002,TDP,,07-May-25,00-Jan-00,0.7,,A,14.5,14.411,TDP,ugP/L,North-Bot-A
250508006-002,NOX,,07-May-25,00-Jan-00,0.7,,A,14.5,14.440,NOX,ugN/L,North-Bot-A
250508006-002,tNH3,,07-May-25,00-Jan-00,0.7,,A,14.5,2.817,tNH3,ugN/L,North-Bot-A
250508006-002,TN,,07-May-25,00-Jan-00,0.7,,A,14.5,239.370,TN,ugN/L,North-Bot-A
250508006-002,TP,,07-May-25,00-Jan-00,0.7,,A,14.5,32.062,TP,ugP/L,North-Bot-A
250508006-002,Alk,,07-May-25,00-Jan-00,0.7,,A,14.5,64.100000,Alk,mg/L as CaCO3,North-Bot-A
250508006-002,pH_L,,07-May-25,00-Jan-00,0.7,,A,14.5,7.44,pH_L,,North-Bot-A
250508006-003,NOX,,07-May-25,00-Jan-00,0.7,,B,14.5,-0.871,NOX,ugN/L,North-Bot-B
250508006-003,TDP,,07-May-25,00-Jan-00,0.7,,B,14.5,15.696,TDP,ugP/L,North-Bot-B
250508006-003,TN,,07-May-25,00-Jan-00,0.7,,B,14.5,209.612,TN,ugN/L,North-Bot-B
250508006-003,TP,,07-May-25,00-Jan-00,0.7,,B,14.5,27.519,TP,ugP/L,North-Bot-B
250508006-003,Alk,,07-May-25,00-Jan-00,0.7,,B,14.5,64.100000,Alk,mg/L as CaCO3,North-Bot-B
250508006-003,pH_L,,07-May-25,00-Jan-00,0.7,,B,14.5,7.44,pH_L,,North-Bot-B
250508006-003,tNH3,,07-May-25,00-Jan-00,0.7,,B,14.5,8.969,tNH3,ugN/L,North-Bot-B
250508006-004,tNH3,,07-May-25,00-Jan-00,0.7,,A,,17.250,tNH3,ugN/L,North-Epi
250508006-004,TP,,07-May-25,00-Jan-00,0.7,,A,,17.88,TP,ugP/L,North-Epi
250508006-004,TN,,07-May-25,00-Jan-00,0.7,,A,,225.889,TN,ugN/L,North-Epi
250508006-004,NOX,,07-May-25,00-Jan-00,0.7,,A,,-4.070,NOX,ugN/L,North-Epi
250508006-004,Alk,,07-May-25,00-Jan-00,0.7,,A,,62.150000,Alk,mg/L as CaCO3,North-Epi
250508006-004,TDP,,07-May-25,00-Jan-00,0.7,,A,,7.634,TDP,ugP/L,North-Epi
250508006-004,pH_L,,07-May-25,00-Jan-00,0.7,,A,,7.77,pH_L,,North-Epi
250508006-005,TDP,,07-May-25,00-Jan-00,0.7,,A,11,11.954,TDP,ugP/L,North-Hyp
250508006-005,NOX,,07-May-25,00-Jan-00,0.7,,A,11,-2.702,NOX,ugN/L,North-Hyp
250508006-005,TN,,07-May-25,00-Jan-00,0.7,,A,11,215.535,TN,ugN/L,North-Hyp
250508006-005,TP,,07-May-25,00-Jan-00,0.7,,A,11,22.799,TP,ugP/L,North-Hyp
250508006-005,Alk,,07-May-25,00-Jan-00,0.7,,A,11,64.100000,Alk,mg/L as CaCO3,North-Hyp
250508006-005,pH_L,,07-May-25,00-Jan-00,0.7,,A,11,7.65,pH_L,,North-Hyp
250508006-005,tNH3,,07-May-25,00-Jan-00,0.7,,A,11,73.335,tNH3,ugN/L,North-Hyp
250508006-006,tNH3,,07-May-25,00-Jan-00,0.7,,A,6,13.385,tNH3,ugN/L,North-Met
250508006-006,NOX,,07-May-25,00-Jan-00,0.7,,A,6,13.442,NOX,ugN/L,North-Met
250508006-006,TP,,07-May-25,00-Jan-00,0.7,,A,6,19.559,TP,ugP/L,North-Met
250508006-006,TN,,07-May-25,00-Jan-00,0.7,,A,6,250.705,TN,ugN/L,North-Met
250508006-006,Alk,,07-May-25,00-Jan-00,0.7,,A,6,64.100000,Alk,mg/L as CaCO3,North-Met
250508006-006,pH_L,,07-May-25,00-Jan-00,0.7,,A,6,7.78,pH_L,,North-Met
250508006-006,TDP,,07-May-25,00-Jan-00,0.7,,A,6,8.099,TDP,ugP/L,North-Met
250523002-001,TDP,,22-May-25,,2.3,,,,0.364,TDP,ugP/L,Field Blank
250523002-001,NOX,,22-May-25,,2.3,,,,0.645,NOX,ugN/L,Field Blank
250523002-001,TP,,22-May-25,,2.3,,,,2.322,TP,ugP/L,Field Blank
250523002-001,TN,,22-May-25,,2.3,,,,21.910,TN,ugN/L,Field Blank
250523002-001,tNH3,,22-May-25,,2.3,,,,3.210,tNH3,ugN/L,Field Blank
250523002-001,Alk,,22-May-25,,2.3,,,,3.900000,Alk,mg/L as CaCO3,Field Blank
250523002-001,pH_L,,22-May-25,,2.3,,,,5.75,pH_L,,Field Blank
250523002-002,NOX,,22-May-25,,2.3,,,18.5,17.689,NOX,ugN/L,North-Bot-A
250523002-002,TN,,22-May-25,,2.3,,,18.5,295.267,TN,ugN/L,North-Bot-A
250523002-002,tNH3,,22-May-25,,2.3,,,18.5,31.943,tNH3,ugN/L,North-Bot-A
250523002-002,TDP,,22-May-25,,2.3,,,18.5,35.731,TDP,ugP/L,North-Bot-A
250523002-002,TP,,22-May-25,,2.3,,,18.5,45.32,TP,ugP/L,North-Bot-A
250523002-002,Alk,,22-May-25,,2.3,,,18.5,65.100000,Alk,mg/L as CaCO3,North-Bot-A
250523002-002,pH_L,,22-May-25,,2.3,,,18.5,7.28,pH_L,,North-Bot-A
250523002-003,TN,,22-May-25,,2.3,,,18.5,316.697,TN,ugN/L,North-Bot-B
250523002-003,TDP,,22-May-25,,2.3,,,18.5,32.249,TDP,ugP/L,North-Bot-B
250523002-003,tNH3,,22-May-25,,2.3,,,18.5,35.459,tNH3,ugN/L,North-Bot-B
250523002-003,NOX,,22-May-25,,2.3,,,18.5,47.703,NOX,ugN/L,North-Bot-B
250523002-003,TP,,22-May-25,,2.3,,,18.5,49.569,TP,ugP/L,North-Bot-B
250523002-003,Alk,,22-May-25,,2.3,,,18.5,63.150000,Alk,mg/L as CaCO3,North-Bot-B
250523002-003,pH_L,,22-May-25,,2.3,,,18.5,7.30,pH_L,,North-Bot-B
250523002-004,TDP,,22-May-25,,2.3,,,,11.375,TDP,ugP/L,North-Epi
250523002-004,TP,,22-May-25,,2.3,,,,19.922,TP,ugP/L,North-Epi
250523002-004,NOX,,22-May-25,,2.3,,,,2.125,NOX,ugN/L,North-Epi
250523002-004,TN,,22-May-25,,2.3,,,,289.935,TN,ugN/L,North-Epi
250523002-004,Alk,,22-May-25,,2.3,,,,64.100000,Alk,mg/L as CaCO3,North-Epi
250523002-004,pH_L,,22-May-25,,2.3,,,,7.77,pH_L,,North-Epi
250523002-004,tNH3,,22-May-25,,2.3,,,,8.087,tNH3,ugN/L,North-Epi
250523002-005,NOX,,22-May-25,,2.3,,,17,107.317,NOX,ugN/L,North-Hyp
250523002-005,tNH3,,22-May-25,,2.3,,,17,22.029,tNH3,ugN/L,North-Hyp
250523002-005,TDP,,22-May-25,,2.3,,,17,25.219,TDP,ugP/L,North-Hyp
250523002-005,TN,,22-May-25,,2.3,,,17,291.778,TN,ugN/L,North-Hyp
250523002-005,TP,,22-May-25,,2.3,,,17,34.969,TP,ugP/L,North-Hyp
250523002-005,Alk,,22-May-25,,2.3,,,17,62.150000,Alk,mg/L as CaCO3,North-Hyp
250523002-005,pH_L,,22-May-25,,2.3,,,17,7.42,pH_L,,North-Hyp
250523002-006,TDP,,22-May-25,,2.3,,,16,22.337,TDP,ugP/L,North-Met
250523002-006,tNH3,,22-May-25,,2.3,,,16,24.433,tNH3,ugN/L,North-Met
250523002-006,TN,,22-May-25,,2.3,,,16,265.195,TN,ugN/L,North-Met
250523002-006,TP,,22-May-25,,2.3,,,16,31.533,TP,ugP/L,North-Met
250523002-006,NOX,,22-May-25,,2.3,,,16,6.292,NOX,ugN/L,North-Met
250523002-006,Alk,,22-May-25,,2.3,,,16,62.150000,Alk,mg/L as CaCO3,North-Met
250523002-006,pH_L,,22-May-25,,2.3,,,16,7.54,pH_L,,North-Met
250605003-001,NOX,,03-Jun-25,00-Jan-00,1.2,,,,0.185,NOX,ugN/L,Field Blank
250605003-001,TDP,,03-Jun-25,00-Jan-00,1.2,,,,0.997,TDP,ugP/L,Field Blank
250605003-001,TP,,03-Jun-25,00-Jan-00,1.2,,,,1.054,TP,ugP/L,Field Blank
250605003-001,TN,,03-Jun-25,00-Jan-00,1.2,,,,11.791,TN,ugN/L,Field Blank
250605003-001,tNH3,,03-Jun-25,00-Jan-00,1.2,,,,13.141,tNH3,ugN/L,Field Blank
250605003-001,Alk,,03-Jun-25,00-Jan-00,1.2,,,,2.950000,Alk,mg/L as CaCO3,Field Blank
250605003-001,pH_L,,03-Jun-25,00-Jan-00,1.2,,,,5.84,pH_L,,Field Blank
250605003-002,tNH3,,03-Jun-25,00-Jan-00,1.2,,A,18,11.480,tNH3,ugN/L,North-Bot-A
250605003-002,TDP,,03-Jun-25,00-Jan-00,1.2,,A,18,12.166,TDP,ugP/L,North-Bot-A
250605003-002,TP,,03-Jun-25,00-Jan-00,1.2,,A,18,21.958,TP,ugP/L,North-Bot-A
250605003-002,NOX,,03-Jun-25,00-Jan-00,1.2,,A,18,30.243,NOX,ugN/L,North-Bot-A
250605003-002,TN,,03-Jun-25,00-Jan-00,1.2,,A,18,303.934,TN,ugN/L,North-Bot-A
250605003-002,Alk,,03-Jun-25,00-Jan-00,1.2,,A,18,62.000000,Alk,mg/L as CaCO3,North-Bot-A
250605003-002,pH_L,,03-Jun-25,00-Jan-00,1.2,,A,18,7.85,pH_L,,North-Bot-A
250605003-003,TDP,,03-Jun-25,00-Jan-00,1.2,,B,18,12.806,TDP,ugP/L,North-Bot-B
250605003-003,TP,,03-Jun-25,00-Jan-00,1.2,,B,18,23.361,TP,ugP/L,North-Bot-B
250605003-003,TN,,03-Jun-25,00-Jan-00,1.2,,B,18,351.490,TN,ugN/L,North-Bot-B
250605003-003,NOX,,03-Jun-25,00-Jan-00,1.2,,B,18,5.093,NOX,ugN/L,North-Bot-B
250605003-003,tNH3,,03-Jun-25,00-Jan-00,1.2,,B,18,5.561,tNH3,ugN/L,North-Bot-B
250605003-003,Alk,,03-Jun-25,00-Jan-00,1.2,,B,18,62.000000,Alk,mg/L as CaCO3,North-Bot-B
250605003-003,pH_L,,03-Jun-25,00-Jan-00,1.2,,B,18,7.80,pH_L,,North-Bot-B
250605003-004,TDP,,03-Jun-25,00-Jan-00,1.2,,,,10.228,TDP,ugP/L,North-Epi
250605003-004,TP,,03-Jun-25,00-Jan-00,1.2,,,,17.984,TP,ugP/L,North-Epi
250605003-004,tNH3,,03-Jun-25,00-Jan-00,1.2,,,,2.627,tNH3,ugN/L,North-Epi
250605003-004,TN,,03-Jun-25,00-Jan-00,1.2,,,,253.726,TN,ugN/L,North-Epi
250605003-004,NOX,,03-Jun-25,00-Jan-00,1.2,,,,3.842,NOX,ugN/L,North-Epi
250605003-004,Alk,,03-Jun-25,00-Jan-00,1.2,,,,62.950000,Alk,mg/L as CaCO3,North-Epi
250605003-004,pH_L,,03-Jun-25,00-Jan-00,1.2,,,,7.95,pH_L,,North-Epi
250605003-005,TDP,,03-Jun-25,00-Jan-00,1.2,,,14,11.586,TDP,ugP/L,North-Hyp
250605003-005,tNH3,,03-Jun-25,00-Jan-00,1.2,,,14,20.333,tNH3,ugN/L,North-Hyp
250605003-005,TP,,03-Jun-25,00-Jan-00,1.2,,,14,21.858,TP,ugP/L,North-Hyp
250605003-005,TN,,03-Jun-25,00-Jan-00,1.2,,,14,293.642,TN,ugN/L,North-Hyp
250605003-005,NOX,,03-Jun-25,00-Jan-00,1.2,,,14,4.696,NOX,ugN/L,North-Hyp
250605003-005,Alk,,03-Jun-25,00-Jan-00,1.2,,,14,62.000000,Alk,mg/L as CaCO3,North-Hyp
250605003-005,pH_L,,03-Jun-25,00-Jan-00,1.2,,,14,7.84,pH_L,,North-Hyp
250605003-006,tNH3,,03-Jun-25,00-Jan-00,1.2,,,6,109.889,tNH3,ugN/L,North-Met
250605003-006,TDP,,03-Jun-25,00-Jan-00,1.2,,,6,12.148,TDP,ugP/L,North-Met
250605003-006,TP,,03-Jun-25,00-Jan-00,1.2,,,6,17.271,TP,ugP/L,North-Met
250605003-006,TN,,03-Jun-25,00-Jan-00,1.2,,,6,249.85,TN,ugN/L,North-Met
250605003-006,NOX,,03-Jun-25,00-Jan-00,1.2,,,6,5.85,NOX,ugN/L,North-Met
250605003-006,Alk,,03-Jun-25,00-Jan-00,1.2,,,6,62.000000,Alk,mg/L as CaCO3,North-Met
250605003-006,pH_L,,03-Jun-25,00-Jan-00,1.2,,,6,7.96,pH_L,,North-Met
250619003-001,NOX,,19-Jun-25,00-Jan-00,1.5,,,,10.621,NOX,ugN/L,North-Epi
250619003-001,TP,,19-Jun-25,00-Jan-00,1.5,,,,11.759,TP,ugP/L,North-Epi
250619003-001,tNH3,,19-Jun-25,00-Jan-00,1.5,,,,13.049,tNH3,ugN/L,North-Epi
250619003-001,TN,,19-Jun-25,00-Jan-00,1.5,,,,275.095,TN,ugN/L,North-Epi
250619003-001,Alk,,19-Jun-25,00-Jan-00,1.5,,,,63.950000,Alk,mg/L as CaCO3,North-Epi
250619003-001,pH_L,,19-Jun-25,00-Jan-00,1.5,,,,8.16,pH_L,,North-Epi
250619003-001,TDP,,19-Jun-25,00-Jan-00,1.5,,,,8.558,TDP,ugP/L,North-Epi
250619003-002,NOX,,19-Jun-25,00-Jan-00,1.5,,,7.5,-0.017,NOX,ugN/L,North-Met
250619003-002,TDP,,19-Jun-25,00-Jan-00,1.5,,,7.5,10.06,TDP,ugP/L,North-Met
250619003-002,tNH3,,19-Jun-25,00-Jan-00,1.5,,,7.5,12.557,tNH3,ugN/L,North-Met
250619003-002,TP,,19-Jun-25,00-Jan-00,1.5,,,7.5,16.656,TP,ugP/L,North-Met
250619003-002,TN,,19-Jun-25,00-Jan-00,1.5,,,7.5,257.316,TN,ugN/L,North-Met
250619003-002,Alk,,19-Jun-25,00-Jan-00,1.5,,,7.5,62.000000,Alk,mg/L as CaCO3,North-Met
250619003-002,pH_L,,19-Jun-25,00-Jan-00,1.5,,,7.5,7.99,pH_L,,North-Met
250619003-003,NOX,,19-Jun-25,00-Jan-00,1.5,,,10,13.463,NOX,ugN/L,North-Hyp
250619003-003,TDP,,19-Jun-25,00-Jan-00,1.5,,,10,16.022,TDP,ugP/L,North-Hyp
250619003-003,TP,,19-Jun-25,00-Jan-00,1.5,,,10,20.535,TP,ugP/L,North-Hyp
250619003-003,TN,,19-Jun-25,00-Jan-00,1.5,,,10,223.366,TN,ugN/L,North-Hyp
250619003-003,tNH3,,19-Jun-25,00-Jan-00,1.5,,,10,29.648,tNH3,ugN/L,North-Hyp
250619003-003,Alk,,19-Jun-25,00-Jan-00,1.5,,,10,63.950000,Alk,mg/L as CaCO3,North-Hyp
250619003-003,pH_L,,19-Jun-25,00-Jan-00,1.5,,,10,7.74,pH_L,,North-Hyp
250619003-004,TN,,19-Jun-25,00-Jan-00,1.5,,,17.5,251.656,TN,ugN/L,North-Bot-A
250619003-004,TDP,,19-Jun-25,00-Jan-00,1.5,,,17.5,29.13,TDP,ugP/L,North-Bot-A
250619003-004,TP,,19-Jun-25,00-Jan-00,1.5,,,17.5,38.14,TP,ugP/L,North-Bot-A
250619003-004,tNH3,,19-Jun-25,00-Jan-00,1.5,,,17.5,49.491,tNH3,ugN/L,North-Bot-A
250619003-004,Alk,,19-Jun-25,00-Jan-00,1.5,,,17.5,62.000000,Alk,mg/L as CaCO3,North-Bot-A
250619003-004,pH_L,,19-Jun-25,00-Jan-00,1.5,,,17.5,7.73,pH_L,,North-Bot-A
250619003-004,NOX,,19-Jun-25,00-Jan-00,1.5,,,17.5,9.705,NOX,ugN/L,North-Bot-A
250619003-005,NOX,,19-Jun-25,00-Jan-00,1.5,,,17.5,10.602,NOX,ugN/L,North-Bot-B
250619003-005,TN,,19-Jun-25,00-Jan-00,1.5,,,17.5,257.218,TN,ugN/L,North-Bot-B
250619003-005,TDP,,19-Jun-25,00-Jan-00,1.5,,,17.5,30.929,TDP,ugP/L,North-Bot-B
250619003-005,TP,,19-Jun-25,00-Jan-00,1.5,,,17.5,40.533,TP,ugP/L,North-Bot-B
250619003-005,tNH3,,19-Jun-25,00-Jan-00,1.5,,,17.5,45.373,tNH3,ugN/L,North-Bot-B
250619003-005,Alk,,19-Jun-25,00-Jan-00,1.5,,,17.5,64.950000,Alk,mg/L as CaCO3,North-Bot-B
250619003-005,pH_L,,19-Jun-25,00-Jan-00,1.5,,,17.5,7.40,pH_L,,North-Bot-B
250619003-006,TP,,19-Jun-25,00-Jan-00,1.5,,,,-0.317,TP,ugP/L,Field Blank
250619003-006,TDP,,19-Jun-25,00-Jan-00,1.5,,,,1.219,TDP,ugP/L,Field Blank
250619003-006,TN,,19-Jun-25,00-Jan-00,1.5,,,,-12.128,TN,ugN/L,Field Blank
250619003-006,NOX,,19-Jun-25,00-Jan-00,1.5,,,,-2.484,NOX,ugN/L,Field Blank
250619003-006,Alk,,19-Jun-25,00-Jan-00,1.5,,,,2.950000,Alk,mg/L as CaCO3,Field Blank
250619003-006,pH_L,,19-Jun-25,00-Jan-00,1.5,,,,5.80,pH_L,,Field Blank
250619003-006,tNH3,,19-Jun-25,00-Jan-00,1.5,,,,7.382,tNH3,ugN/L,Field Blank
250703006-001,Alk,,01-Jul-25,00-Jan-00,4.3,,,,1.950000,Alk,mg/L as CaCO3,Field Blank
250703006-001,TN,,01-Jul-25,00-Jan-00,4.3,,,,17.142,TN,ugN/L,Field Blank
250703006-001,NOX,,01-Jul-25,00-Jan-00,4.3,,,,27.054,NOX,ugN/L,Field Blank
250703006-001,TDP,,01-Jul-25,00-Jan-00,4.3,,,,3.02,TDP,ugP/L,Field Blank
250703006-001,pH_L,,01-Jul-25,00-Jan-00,4.3,,,,5.68,pH_L,,Field Blank
250703006-001,TP,,01-Jul-25,00-Jan-00,4.3,,,,6.458,TP,ugP/L,Field Blank
250703006-001,tNH3,,01-Jul-25,00-Jan-00,4.3,,,,6.489,tNH3,ugN/L,Field Blank
250703006-002,TDP,,01-Jul-25,00-Jan-00,4.3,,,,11.328,TDP,ugP/L,North-Epi
250703006-002,TP,,01-Jul-25,00-Jan-00,4.3,,,,16.195,TP,ugP/L,North-Epi
250703006-002,tNH3,,01-Jul-25,00-Jan-00,4.3,,,,18.406,tNH3,ugN/L,North-Epi
250703006-002,NOX,,01-Jul-25,00-Jan-00,4.3,,,,25.128,NOX,ugN/L,North-Epi
250703006-002,TN,,01-Jul-25,00-Jan-00,4.3,,,,472.446,TN,ugN/L,North-Epi
250703006-002,Alk,,01-Jul-25,00-Jan-00,4.3,,,,62.000000,Alk,mg/L as CaCO3,North-Epi
250703006-002,pH_L,,01-Jul-25,00-Jan-00,4.3,,,,8.56,pH_L,,North-Epi
250703006-003,NOX,,01-Jul-25,00-Jan-00,4.3,,,5.5,0.900,NOX,ugN/L,North-Met
250703006-003,TDP,,01-Jul-25,00-Jan-00,4.3,,,5.5,10.078,TDP,ugP/L,North-Met
250703006-003,TP,,01-Jul-25,00-Jan-00,4.3,,,5.5,13.78,TP,ugP/L,North-Met
250703006-003,tNH3,,01-Jul-25,00-Jan-00,4.3,,,5.5,20.483,tNH3,ugN/L,North-Met
250703006-003,TN,,01-Jul-25,00-Jan-00,4.3,,,5.5,374.977,TN,ugN/L,North-Met
250703006-003,Alk,,01-Jul-25,00-Jan-00,4.3,,,5.5,62.000000,Alk,mg/L as CaCO3,North-Met
250703006-003,pH_L,,01-Jul-25,00-Jan-00,4.3,,,5.5,8.45,pH_L,,North-Met
250703006-004,TDP,,01-Jul-25,00-Jan-00,4.3,,,7.0,27.348,TDP,ugP/L,North-Hyp
250703006-004,TP,,01-Jul-25,00-Jan-00,4.3,,,7.0,29.877,TP,ugP/L,North-Hyp
250703006-004,TN,,01-Jul-25,00-Jan-00,4.3,,,7.0,361.854,TN,ugN/L,North-Hyp
250703006-004,NOX,,01-Jul-25,00-Jan-00,4.3,,,7.0,46.291,NOX,ugN/L,North-Hyp
250703006-004,Alk,,01-Jul-25,00-Jan-00,4.3,,,7.0,63.950000,Alk,mg/L as CaCO3,North-Hyp
250703006-004,tNH3,,01-Jul-25,00-Jan-00,4.3,,,7.0,65.799,tNH3,ugN/L,North-Hyp
250703006-004,pH_L,,01-Jul-25,00-Jan-00,4.3,,,7.0,7.53,pH_L,,North-Hyp
250703006-005,TN,,01-Jul-25,00-Jan-00,4.3,,A,18,470.469,TN,ugN/L,North-Bot-A
250703006-005,Alk,,01-Jul-25,00-Jan-00,4.3,,A,18,64.950000,Alk,mg/L as CaCO3,North-Bot-A
250703006-005,TDP,,01-Jul-25,00-Jan-00,4.3,,A,18,68.77,TDP,ugP/L,North-Bot-A
250703006-005,pH_L,,01-Jul-25,00-Jan-00,4.3,,A,18,7.33,pH_L,,North-Bot-A
250703006-005,NOX,,01-Jul-25,00-Jan-00,4.3,,A,18,77.157,NOX,ugN/L,North-Bot-A
250703006-005,TP,,01-Jul-25,00-Jan-00,4.3,,A,18,78.635,TP,ugP/L,North-Bot-A
250703006-005,tNH3,,01-Jul-25,00-Jan-00,4.3,,A,18,93.605,tNH3,ugN/L,North-Bot-A
250703006-006,TN,,01-Jul-25,00-Jan-00,4.3,,B,18,439.841,TN,ugN/L,North-Bot-B
250703006-006,NOX,,01-Jul-25,00-Jan-00,4.3,,B,18,55.452,NOX,ugN/L,North-Bot-B
250703006-006,Alk,,01-Jul-25,00-Jan-00,4.3,,B,18,65.900000,Alk,mg/L as CaCO3,North-Bot-B
250703006-006,pH_L,,01-Jul-25,00-Jan-00,4.3,,B,18,7.33,pH_L,,North-Bot-B
250703006-006,TDP,,01-Jul-25,00-Jan-00,4.3,,B,18,70.488,TDP,ugP/L,North-Bot-B
250703006-006,TP,,01-Jul-25,00-Jan-00,4.3,,B,18,79.729,TP,ugP/L,North-Bot-B
250703006-006,tNH3,,01-Jul-25,00-Jan-00,4.3,,B,18,92.931,tNH3,ugN/L,North-Bot-B
250717004-001,TP,,15-Jul-25,00-Jan-00,4.5,,,,0.009,TP,ugP/L,Field Blank
250717004-001,TDP,,15-Jul-25,00-Jan-00,4.5,,,,0.813,TDP,ugP/L,Field Blank
250717004-001,Alk,,15-Jul-25,00-Jan-00,4.5,,,,2.000000,Alk,mg/L as CaCO3,Field Blank
250717004-001,tNH3,,15-Jul-25,00-Jan-00,4.5,,,,2.644,tNH3,ugN/L,Field Blank
250717004-001,NOX,,15-Jul-25,00-Jan-00,4.5,,,,3.034,NOX,ugN/L,Field Blank
250717004-001,TN,,15-Jul-25,00-Jan-00,4.5,,,,5.066,TN,ugN/L,Field Blank
250717004-001,pH_L,,15-Jul-25,00-Jan-00,4.5,,,,5.84,pH_L,,Field Blank
250717004-002,TP,,15-Jul-25,00-Jan-00,4.5,,,,14.205,TP,ugP/L,North-Epi
250717004-002,NOX,,15-Jul-25,00-Jan-00,4.5,,,,4.716,NOX,ugN/L,North-Epi
250717004-002,tNH3,,15-Jul-25,00-Jan-00,4.5,,,,4.776,tNH3,ugN/L,North-Epi
250717004-002,TN,,15-Jul-25,00-Jan-00,4.5,,,,512.635,TN,ugN/L,North-Epi
250717004-002,Alk,,15-Jul-25,00-Jan-00,4.5,,,,64.500000,Alk,mg/L as CaCO3,North-Epi
250717004-002,TDP,,15-Jul-25,00-Jan-00,4.5,,,,7.906,TDP,ugP/L,North-Epi
250717004-002,pH_L,,15-Jul-25,00-Jan-00,4.5,,,,8.73,pH_L,,North-Epi
250717004-003,TP,,15-Jul-25,00-Jan-00,4.5,,,6,21.961,TP,ugP/L,North-Met
250717004-003,TN,,15-Jul-25,00-Jan-00,4.5,,,6,429.771,TN,ugN/L,North-Met
250717004-003,NOX,,15-Jul-25,00-Jan-00,4.5,,,6,5.195,NOX,ugN/L,North-Met
250717004-003,Alk,,15-Jul-25,00-Jan-00,4.5,,,6,64.500000,Alk,mg/L as CaCO3,North-Met
250717004-003,pH_L,,15-Jul-25,00-Jan-00,4.5,,,6,7.67,pH_L,,North-Met
250717004-003,tNH3,,15-Jul-25,00-Jan-00,4.5,,,6,7.883,tNH3,ugN/L,North-Met
250717004-003,TDP,,15-Jul-25,00-Jan-00,4.5,,,6,8.399,TDP,ugP/L,North-Met
250717004-004,TDP,,15-Jul-25,00-Jan-00,4.5,,,9,27.026,TDP,ugP/L,North-Hyp
250717004-004,TN,,15-Jul-25,00-Jan-00,4.5,,,9,405.81,TN,ugN/L,North-Hyp
250717004-004,TP,,15-Jul-25,00-Jan-00,4.5,,,9,41.428,TP,ugP/L,North-Hyp
250717004-004,tNH3,,15-Jul-25,00-Jan-00,4.5,,,9,5.068,tNH3,ugN/L,North-Hyp
250717004-004,Alk,,15-Jul-25,00-Jan-00,4.5,,,9,65.550000,Alk,mg/L as CaCO3,North-Hyp
250717004-004,pH_L,,15-Jul-25,00-Jan-00,4.5,,,9,7.66,pH_L,,North-Hyp
250717004-004,NOX,,15-Jul-25,00-Jan-00,4.5,,,9,71.899,NOX,ugN/L,North-Hyp
250717004-005,TN,,15-Jul-25,00-Jan-00,4.5,,A,18,399.535,TN,ugN/L,North-Bot-A
250717004-005,tNH3,,15-Jul-25,00-Jan-00,4.5,,A,18,47.086,tNH3,ugN/L,North-Bot-A
250717004-005,TDP,,15-Jul-25,00-Jan-00,4.5,,A,18,55.111,TDP,ugP/L,North-Bot-A
250717004-005,NOX,,15-Jul-25,00-Jan-00,4.5,,A,18,57.092,NOX,ugN/L,North-Bot-A
250717004-005,TP,,15-Jul-25,00-Jan-00,4.5,,A,18,68.913,TP,ugP/L,North-Bot-A
250717004-005,Alk,,15-Jul-25,00-Jan-00,4.5,,A,18,69.650000,Alk,mg/L as CaCO3,North-Bot-A
250717004-005,pH_L,,15-Jul-25,00-Jan-00,4.5,,A,18,7.25,pH_L,,North-Bot-A
250717004-006,TN,,15-Jul-25,00-Jan-00,4.5,,B,18,390.611,TN,ugN/L,North-Bot-B
250717004-006,tNH3,,15-Jul-25,00-Jan-00,4.5,,B,18,56.67,tNH3,ugN/L,North-Bot-B
250717004-006,pH_L,,15-Jul-25,00-Jan-00,4.5,,B,18,7.19,pH_L,,North-Bot-B
250717004-006,NOX,,15-Jul-25,00-Jan-00,4.5,,B,18,71.226,NOX,ugN/L,North-Bot-B
250717004-006,Alk,,15-Jul-25,00-Jan-00,4.5,,B,18,71.700000,Alk,mg/L as CaCO3,North-Bot-B
250717004-006,TDP,,15-Jul-25,00-Jan-00,4.5,,B,18,71.837,TDP,ugP/L,North-Bot-B
250717004-006,TP,,15-Jul-25,00-Jan-00,4.5,,B,18,80.672,TP,ugP/L,North-Bot-B
250731001-001,TDP,,29-Jul-25,00-Jan-00,3.1,,,,0.193,TDP,ugP/L,Field Blank
250731001-001,TP,,29-Jul-25,00-Jan-00,3.1,,,,0.552,TP,ugP/L,Field Blank
250731001-001,Alk,,29-Jul-25,00-Jan-00,3.1,,,,2.000000,Alk,mg/L as CaCO3,Field Blank
250731001-001,tNH3,,29-Jul-25,00-Jan-00,3.1,,,,2.204,tNH3,ugN/L,Field Blank
250731001-001,NOX,,29-Jul-25,00-Jan-00,3.1,,,,2.534,NOX,ugN/L,Field Blank
250731001-001,pH_L,,29-Jul-25,00-Jan-00,3.1,,,,5.87,pH_L,,Field Blank
250731001-001,TN,,29-Jul-25,00-Jan-00,3.1,,,,-8.883,TN,ugN/L,Field Blank
250731001-002,TP,,29-Jul-25,00-Jan-00,3.1,,,,20.071,TP,ugP/L,North-Epi
250731001-002,NOX,,29-Jul-25,00-Jan-00,3.1,,,,-3.565,NOX,ugN/L,North-Epi
250731001-002,TN,,29-Jul-25,00-Jan-00,3.1,,,,487.853,TN,ugN/L,North-Epi
250731001-002,tNH3,,29-Jul-25,00-Jan-00,3.1,,,,6.875,tNH3,ugN/L,North-Epi
250731001-002,Alk,,29-Jul-25,00-Jan-00,3.1,,,,64.500000,Alk,mg/L as CaCO3,North-Epi
250731001-002,TDP,,29-Jul-25,00-Jan-00,3.1,,,,8.75,TDP,ugP/L,North-Epi
250731001-002,pH_L,,29-Jul-25,00-Jan-00,3.1,,,,9.21,pH_L,,North-Epi
250731001-003,TDP,,29-Jul-25,00-Jan-00,3.1,,,8,31.145,TDP,ugP/L,North-Met
250731001-003,TN,,29-Jul-25,00-Jan-00,3.1,,,8,335.247,TN,ugN/L,North-Met
250731001-003,TP,,29-Jul-25,00-Jan-00,3.1,,,8,38.692,TP,ugP/L,North-Met
250731001-003,NOX,,29-Jul-25,00-Jan-00,3.1,,,8,4.597,NOX,ugN/L,North-Met
250731001-003,tNH3,,29-Jul-25,00-Jan-00,3.1,,,8,46.517,tNH3,ugN/L,North-Met
250731001-003,Alk,,29-Jul-25,00-Jan-00,3.1,,,8,66.550000,Alk,mg/L as CaCO3,North-Met
250731001-003,pH_L,,29-Jul-25,00-Jan-00,3.1,,,8,7.34,pH_L,,North-Met
250731001-004,NOX,,29-Jul-25,00-Jan-00,3.1,,,11,-1.929,NOX,ugN/L,North-Hyp
250731001-004,tNH3,,29-Jul-25,00-Jan-00,3.1,,,11,106.097,tNH3,ugN/L,North-Hyp
250731001-004,TN,,29-Jul-25,00-Jan-00,3.1,,,11,358.619,TN,ugN/L,North-Hyp
250731001-004,TDP,,29-Jul-25,00-Jan-00,3.1,,,11,69.422,TDP,ugP/L,North-Hyp
250731001-004,pH_L,,29-Jul-25,00-Jan-00,3.1,,,11,7.45,pH_L,,North-Hyp
250731001-004,Alk,,29-Jul-25,00-Jan-00,3.1,,,11,72.700000,Alk,mg/L as CaCO3,North-Hyp
250731001-004,TP,,29-Jul-25,00-Jan-00,3.1,,,11,81.672,TP,ugP/L,North-Hyp
250731001-005,TDP,,29-Jul-25,00-Jan-00,3.1,,A,18,118.71,TDP,ugP/L,North-Bot-A
250731001-005,TP,,29-Jul-25,00-Jan-00,3.1,,A,18,135.58,TP,ugP/L,North-Bot-A
250731001-005,tNH3,,29-Jul-25,00-Jan-00,3.1,,A,18,198.267,tNH3,ugN/L,North-Bot-A
250731001-005,NOX,,29-Jul-25,00-Jan-00,3.1,,A,18,-3.654,NOX,ugN/L,North-Bot-A
250731001-005,TN,,29-Jul-25,00-Jan-00,3.1,,A,18,444.916,TN,ugN/L,North-Bot-A
250731001-005,pH_L,,29-Jul-25,00-Jan-00,3.1,,A,18,7.47,pH_L,,North-Bot-A
250731001-005,Alk,,29-Jul-25,00-Jan-00,3.1,,A,18,81.950000,Alk,mg/L as CaCO3,North-Bot-A
250731001-006,TDP,,29-Jul-25,00-Jan-00,3.1,,B,18,121.62,TDP,ugP/L,North-Bot-B
250731001-006,TP,,29-Jul-25,00-Jan-00,3.1,,B,18,130.41,TP,ugP/L,North-Bot-B
250731001-006,NOX,,29-Jul-25,00-Jan-00,3.1,,B,18,-2.373,NOX,ugN/L,North-Bot-B
250731001-006,tNH3,,29-Jul-25,00-Jan-00,3.1,,B,18,207.101,tNH3,ugN/L,North-Bot-B
250731001-006,TN,,29-Jul-25,00-Jan-00,3.1,,B,18,447.877,TN,ugN/L,North-Bot-B
250731001-006,pH_L,,29-Jul-25,00-Jan-00,3.1,,B,18,7.46,pH_L,,North-Bot-B
250731001-006,Alk,,29-Jul-25,00-Jan-00,3.1,,B,18,78.850000,Alk,mg/L as CaCO3,North-Bot-B
250814001-001,NOX,,13-Aug-25,00-Jan-00,3.8,,,,-1.037,NOX,ugN/L,North Surface
250814001-001,TDP,,13-Aug-25,00-Jan-00,3.8,,,,14.287,TDP,ugP/L,North Surface
250814001-001,TN,,13-Aug-25,00-Jan-00,3.8,,,,520.811,TN,ugN/L,North Surface
250814001-001,tNH3,,13-Aug-25,00-Jan-00,3.8,,,,6.932,tNH3,ugN/L,North Surface
250814001-001,Alk,,13-Aug-25,00-Jan-00,3.8,,,,65.550000,Alk,mg/L as CaCO3,North Surface
250814001-001,TP,,13-Aug-25,00-Jan-00,3.8,,,,68.84,TP,ugP/L,North Surface
250814001-001,pH_L,,13-Aug-25,00-Jan-00,3.8,,,,8.98,pH_L,,North Surface
250814001-002,NOX,,13-Aug-25,00-Jan-00,3.8,,,7,-1.172,NOX,ugN/L,North Met
250814001-002,tNH3,,13-Aug-25,00-Jan-00,3.8,,,7,11.721,tNH3,ugN/L,North Met
250814001-002,TDP,,13-Aug-25,00-Jan-00,3.8,,,7,25.093,TDP,ugP/L,North Met
250814001-002,TN,,13-Aug-25,00-Jan-00,3.8,,,7,290.478,TN,ugN/L,North Met
250814001-002,TP,,13-Aug-25,00-Jan-00,3.8,,,7,36.791,TP,ugP/L,North Met
250814001-002,Alk,,13-Aug-25,00-Jan-00,3.8,,,7,65.550000,Alk,mg/L as CaCO3,North Met
250814001-002,pH_L,,13-Aug-25,00-Jan-00,3.8,,,7,7.71,pH_L,,North Met
250814001-003,NOX,,13-Aug-25,00-Jan-00,3.8,,,10,-0.244,NOX,ugN/L,North Hypo
250814001-003,TDP,,13-Aug-25,00-Jan-00,3.8,,,10,105.91,TDP,ugP/L,North Hypo
250814001-003,tNH3,,13-Aug-25,00-Jan-00,3.8,,,10,156.499,tNH3,ugN/L,North Hypo
250814001-003,TN,,13-Aug-25,00-Jan-00,3.8,,,10,484.758,TN,ugN/L,North Hypo
250814001-003,pH_L,,13-Aug-25,00-Jan-00,3.8,,,10,7.34,pH_L,,North Hypo
250814001-003,Alk,,13-Aug-25,00-Jan-00,3.8,,,10,74.750000,Alk,mg/L as CaCO3,North Hypo
250814001-003,TP,,13-Aug-25,00-Jan-00,3.8,,,10,92.36,TP,ugP/L,North Hypo
250814001-004,NOX,,13-Aug-25,00-Jan-00,3.8,,,18,-0.48,NOX,ugN/L,North Bot
250814001-004,TDP,,13-Aug-25,00-Jan-00,3.8,,,18,245.89,TDP,ugP/L,North Bot
250814001-004,TP,,13-Aug-25,00-Jan-00,3.8,,,18,270.1,TP,ugP/L,North Bot
250814001-004,SRP,,13-Aug-25,00-Jan-00,3.8,,,18,275.476,SRP,ugP/L,North Bot
250814001-004,tNH3,,13-Aug-25,00-Jan-00,3.8,,,18,285.076,tNH3,ugN/L,North Bot
250814001-004,TN,,13-Aug-25,00-Jan-00,3.8,,,18,668.073,TN,ugN/L,North Bot
250814001-004,pH_L,,13-Aug-25,00-Jan-00,3.8,,,18,7.46,pH_L,,North Bot
250814001-004,Alk,,13-Aug-25,00-Jan-00,3.8,,,18,85.000000,Alk,mg/L as CaCO3,North Bot
250814001-005,NOX,,13-Aug-25,00-Jan-00,3.8,,,18,-1.509,NOX,ugN/L,North Bot DUP
250814001-005,TP,,13-Aug-25,00-Jan-00,3.8,,,18,252.69,TP,ugP/L,North Bot DUP
250814001-005,SRP,,13-Aug-25,00-Jan-00,3.8,,,18,273.322,SRP,ugP/L,North Bot DUP
250814001-005,TDP,,13-Aug-25,00-Jan-00,3.8,,,18,296.42,TDP,ugP/L,North Bot DUP
250814001-005,tNH3,,13-Aug-25,00-Jan-00,3.8,,,18,434.462,tNH3,ugN/L,North Bot DUP
250814001-005,TN,,13-Aug-25,00-Jan-00,3.8,,,18,681.418,TN,ugN/L,North Bot DUP
250814001-005,pH_L,,13-Aug-25,00-Jan-00,3.8,,,18,7.46,pH_L,,North Bot DUP
250814001-005,Alk,,13-Aug-25,00-Jan-00,3.8,,,18,85.000000,Alk,mg/L as CaCO3,North Bot DUP
250814001-006,TP,,13-Aug-25,00-Jan-00,3.8,,,,-0.047,TP,ugP/L,Field Blank
250814001-006,NOX,,13-Aug-25,00-Jan-00,3.8,,,,2.406,NOX,ugN/L,Field Blank
250814001-006,Alk,,13-Aug-25,00-Jan-00,3.8,,,,3.050000,Alk,mg/L as CaCO3,Field Blank
250814001-006,TDP,,13-Aug-25,00-Jan-00,3.8,,,,3.22,TDP,ugP/L,Field Blank
250814001-006,TN,,13-Aug-25,00-Jan-00,3.8,,,,-32.857,TN,ugN/L,Field Blank
250814001-006,tNH3,,13-Aug-25,00-Jan-00,3.8,,,,4.537,tNH3,ugN/L,Field Blank
250814001-006,pH_L,,13-Aug-25,00-Jan-00,3.8,,,,5.65,pH_L,,Field Blank
250828002-001,TDP,,27-Aug-25,00-Jan-00,3.5,,,12.0,1.86,TDP,ugP/L,Field Blank
250828002-001,TN,,27-Aug-25,00-Jan-00,3.5,,,12.0,-11.577,TN,ugN/L,Field Blank
250828002-001,TP,,27-Aug-25,00-Jan-00,3.5,,,12.0,2.618,TP,ugP/L,Field Blank
250828002-001,NOX,,27-Aug-25,00-Jan-00,3.5,,,12.0,-22.585,NOX,ugN/L,Field Blank
250828002-001,Alk,,27-Aug-25,00-Jan-00,3.5,,,12.0,3.050000,Alk,mg/L as CaCO3,Field Blank
250828002-001,tNH3,,27-Aug-25,00-Jan-00,3.5,,,12.0,3.796,tNH3,ugN/L,Field Blank
250828002-001,pH_L,,27-Aug-25,00-Jan-00,3.5,,,12.0,5.66,pH_L,,Field Blank
250828002-002,NOX,,27-Aug-25,00-Jan-00,3.5,,,14.0,-21.388,NOX,ugN/L,North-Epi
250828002-002,tNH3,,27-Aug-25,00-Jan-00,3.5,,,14.0,42.648,tNH3,ugN/L,North-Epi
250828002-002,TN,,27-Aug-25,00-Jan-00,3.5,,,14.0,442.937,TN,ugN/L,North-Epi
250828002-002,TDP,,27-Aug-25,00-Jan-00,3.5,,,14.0,48.231,TDP,ugP/L,North-Epi
250828002-002,Alk,,27-Aug-25,00-Jan-00,3.5,,,14.0,66.550000,Alk,mg/L as CaCO3,North-Epi
250828002-002,TP,,27-Aug-25,00-Jan-00,3.5,,,14.0,68.352,TP,ugP/L,North-Epi
250828002-002,pH_L,,27-Aug-25,00-Jan-00,3.5,,,14.0,7.88,pH_L,,North-Epi
250828002-003,TDP,,27-Aug-25,00-Jan-00,3.5,,,18.0,143.06,TDP,ugP/L,North-Met
250828002-003,TP,,27-Aug-25,00-Jan-00,3.5,,,18.0,174.97,TP,ugP/L,North-Met
250828002-003,NOX,,27-Aug-25,00-Jan-00,3.5,,,18.0,-22.136,NOX,ugN/L,North-Met
250828002-003,tNH3,,27-Aug-25,00-Jan-00,3.5,,,18.0,262.156,tNH3,ugN/L,North-Met
250828002-003,TN,,27-Aug-25,00-Jan-00,3.5,,,18.0,617.352,TN,ugN/L,North-Met
250828002-003,pH_L,,27-Aug-25,00-Jan-00,3.5,,,18.0,7.63,pH_L,,North-Met
250828002-003,Alk,,27-Aug-25,00-Jan-00,3.5,,,18.0,76.800000,Alk,mg/L as CaCO3,North-Met
250828002-004,TDP,,27-Aug-25,00-Jan-00,3.5,,,18.0,263.1,TDP,ugP/L,North-Hyp
250828002-004,TP,,27-Aug-25,00-Jan-00,3.5,,,18.0,324.33,TP,ugP/L,North-Hyp
250828002-004,tNH3,,27-Aug-25,00-Jan-00,3.5,,,18.0,456.263,tNH3,ugN/L,North-Hyp
250828002-004,NOX,,27-Aug-25,00-Jan-00,3.5,,,18.0,5.637,NOX,ugN/L,North-Hyp
250828002-004,pH_L,,27-Aug-25,00-Jan-00,3.5,,,18.0,7.62,pH_L,,North-Hyp
250828002-004,TN,,27-Aug-25,00-Jan-00,3.5,,,18.0,758.448,TN,ugN/L,North-Hyp
250828002-004,Alk,,27-Aug-25,00-Jan-00,3.5,,,18.0,86.050000,Alk,mg/L as CaCO3,North-Hyp
250828002-005,NOX,,27-Aug-25,00-Jan-00,3.5,,,,3.204,NOX,ugN/L,North-Bot-A
250828002-005,TP,,27-Aug-25,00-Jan-00,3.5,,,,383.14,TP,ugP/L,North-Bot-A
250828002-005,TDP,,27-Aug-25,00-Jan-00,3.5,,,,405.65,TDP,ugP/L,North-Bot-A
250828002-005,SRP,,27-Aug-25,00-Jan-00,3.5,,,,416.054,SRP,ugP/L,North-Bot-A
250828002-005,tNH3,,27-Aug-25,00-Jan-00,3.5,,,,603.979,tNH3,ugN/L,North-Bot-A
250828002-005,pH_L,,27-Aug-25,00-Jan-00,3.5,,,,7.51,pH_L,,North-Bot-A
250828002-005,TN,,27-Aug-25,00-Jan-00,3.5,,,,866.28,TN,ugN/L,North-Bot-A
250828002-005,Alk,,27-Aug-25,00-Jan-00,3.5,,,,92.200000,Alk,mg/L as CaCO3,North-Bot-A
250828002-006,NOX,,27-Aug-25,00-Jan-00,3.5,,,,2.958,NOX,ugN/L,North-Bot-B
250828002-006,TDP,,27-Aug-25,00-Jan-00,3.5,,,,391.37,TDP,ugP/L,North-Bot-B
250828002-006,TP,,27-Aug-25,00-Jan-00,3.5,,,,399.66,TP,ugP/L,North-Bot-B
250828002-006,SRP,,27-Aug-25,00-Jan-00,3.5,,,,432.712,SRP,ugP/L,North-Bot-B
250828002-006,tNH3,,27-Aug-25,00-Jan-00,3.5,,,,606.213,tNH3,ugN/L,North-Bot-B
250828002-006,pH_L,,27-Aug-25,00-Jan-00,3.5,,,,7.54,pH_L,,North-Bot-B
250828002-006,TN,,27-Aug-25,00-Jan-00,3.5,,,,847.555,TN,ugN/L,North-Bot-B
250828002-006,Alk,,27-Aug-25,00-Jan-00,3.5,,,,90.150000,Alk,mg/L as CaCO3,North-Bot-B
250911003-001,TDP,,10-Sep-25,00-Jan-00,5.3,,,,0.606,TDP,ugP/L,Field Blank
250911003-001,TP,,10-Sep-25,00-Jan-00,5.3,,,,1.384,TP,ugP/L,Field Blank
250911003-001,Alk,,10-Sep-25,00-Jan-00,5.3,,,,3.050000,Alk,mg/L as CaCO3,Field Blank
250911003-001,NOX,,10-Sep-25,00-Jan-00,5.3,,,,3.137,NOX,ugN/L,Field Blank
250911003-001,TN,,10-Sep-25,00-Jan-00,5.3,,,,-33.03,TN,ugN/L,Field Blank
250911003-001,tNH3,,10-Sep-25,00-Jan-00,5.3,,,,4.242,tNH3,ugN/L,Field Blank
250911003-001,pH_L,,10-Sep-25,00-Jan-00,5.3,,,,5.84,pH_L,,Field Blank
250911003-002,tNH3,,10-Sep-25,00-Jan-00,5.3,,,,17.849,tNH3,ugN/L,North-Epi
250911003-002,NOX,,10-Sep-25,00-Jan-00,5.3,,,,4.816,NOX,ugN/L,North-Epi
250911003-002,TN,,10-Sep-25,00-Jan-00,5.3,,,,454.596,TN,ugN/L,North-Epi
250911003-002,TDP,,10-Sep-25,00-Jan-00,5.3,,,,56.323,TDP,ugP/L,North-Epi
250911003-002,Alk,,10-Sep-25,00-Jan-00,5.3,,,,66.550000,Alk,mg/L as CaCO3,North-Epi
250911003-002,pH_L,,10-Sep-25,00-Jan-00,5.3,,,,7.75,pH_L,,North-Epi
250911003-002,TP,,10-Sep-25,00-Jan-00,5.3,,,,86.403,TP,ugP/L,North-Epi
250911003-003,TN,,10-Sep-25,00-Jan-00,5.3,,,13,349.157,TN,ugN/L,North-Met
250911003-003,tNH3,,10-Sep-25,00-Jan-00,5.3,,,13,44.8,tNH3,ugN/L,North-Met
250911003-003,TDP,,10-Sep-25,00-Jan-00,5.3,,,13,59.357,TDP,ugP/L,North-Met
250911003-003,NOX,,10-Sep-25,00-Jan-00,5.3,,,13,6.82,NOX,ugN/L,North-Met
250911003-003,Alk,,10-Sep-25,00-Jan-00,5.3,,,13,66.550000,Alk,mg/L as CaCO3,North-Met
250911003-003,pH_L,,10-Sep-25,00-Jan-00,5.3,,,13,7.63,pH_L,,North-Met
250911003-003,TP,,10-Sep-25,00-Jan-00,5.3,,,13,81.372,TP,ugP/L,North-Met
250911003-004,TDP,,10-Sep-25,00-Jan-00,5.3,,,15,157.72,TDP,ugP/L,North-Hyp
250911003-004,TP,,10-Sep-25,00-Jan-00,5.3,,,15,188.75,TP,ugP/L,North-Hyp
250911003-004,NOX,,10-Sep-25,00-Jan-00,5.3,,,15,2.106,NOX,ugN/L,North-Hyp
250911003-004,tNH3,,10-Sep-25,00-Jan-00,5.3,,,15,511.511,tNH3,ugN/L,North-Hyp
250911003-004,pH_L,,10-Sep-25,00-Jan-00,5.3,,,15,7.63,pH_L,,North-Hyp
250911003-004,TN,,10-Sep-25,00-Jan-00,5.3,,,15,728.779,TN,ugN/L,North-Hyp
250911003-004,Alk,,10-Sep-25,00-Jan-00,5.3,,,15,85.000000,Alk,mg/L as CaCO3,North-Hyp
250911003-005,NOX,,10-Sep-25,00-Jan-00,5.3,,,18,1.095,NOX,ugN/L,North-Bot-A
250911003-005,tNH3,,10-Sep-25,00-Jan-00,5.3,,,18,1008.03,tNH3,ugN/L,North-Bot-A
250911003-005,Alk,,10-Sep-25,00-Jan-00,5.3,,,18,101.400000,Alk,mg/L as CaCO3,North-Bot-A
250911003-005,TN,,10-Sep-25,00-Jan-00,5.3,,,18,1058.79,TN,ugN/L,North-Bot-A
250911003-005,TP,,10-Sep-25,00-Jan-00,5.3,,,18,295.5,TP,ugP/L,North-Bot-A
250911003-005,TDP,,10-Sep-25,00-Jan-00,5.3,,,18,309.72,TDP,ugP/L,North-Bot-A
250911003-005,pH_L,,10-Sep-25,00-Jan-00,5.3,,,18,7.91,pH_L,,North-Bot-A
250911003-006,Alk,,10-Sep-25,00-Jan-00,5.3,,,18,100.400000,Alk,mg/L as CaCO3,North-Bot-B
250911003-006,tNH3,,10-Sep-25,00-Jan-00,5.3,,,18,1005.62,tNH3,ugN/L,North-Bot-B
250911003-006,TN,,10-Sep-25,00-Jan-00,5.3,,,18,1070.74,TN,ugN/L,North-Bot-B
250911003-006,TP,,10-Sep-25,00-Jan-00,5.3,,,18,291.8,TP,ugP/L,North-Bot-B
250911003-006,TDP,,10-Sep-25,00-Jan-00,5.3,,,18,291.83,TDP,ugP/L,North-Bot-B
250911003-006,NOX,,10-Sep-25,00-Jan-00,5.3,,,18,4.148,NOX,ugN/L,North-Bot-B
250911003-006,pH_L,,10-Sep-25,00-Jan-00,5.3,,,18,7.86,pH_L,,North-Bot-B
250925003-001,NOX,,25-Sep-25,00-Jan-00,5.7,,,,0.109,NOX,ugN/L,Field Blank
250925003-001,Alk,,25-Sep-25,00-Jan-00,5.7,,,,1.000000,Alk,mg/L as CaCO3,Field Blank
250925003-001,TP,,25-Sep-25,00-Jan-00,5.7,,,,1.341,TP,ugP/L,Field Blank
250925003-001,TDP,,25-Sep-25,00-Jan-00,5.7,,,,1.91,TDP,ugP/L,Field Blank
250925003-001,tNH3,,25-Sep-25,00-Jan-00,5.7,,,,10.794,tNH3,ugN/L,Field Blank
250925003-001,TN,,25-Sep-25,00-Jan-00,5.7,,,,-27.681,TN,ugN/L,Field Blank
250925003-001,pH_L,,25-Sep-25,00-Jan-00,5.7,,,,5.56,pH_L,,Field Blank
250925003-002,NOX,,25-Sep-25,00-Jan-00,5.7,,,,-1.443,NOX,ugN/L,North-Epi
250925003-002,tNH3,,25-Sep-25,00-Jan-00,5.7,,,,10.451,tNH3,ugN/L,North-Epi
250925003-002,TN,,25-Sep-25,00-Jan-00,5.7,,,,351.067,TN,ugN/L,North-Epi
250925003-002,TDP,,25-Sep-25,00-Jan-00,5.7,,,,37.273,TDP,ugP/L,North-Epi
250925003-002,TP,,25-Sep-25,00-Jan-00,5.7,,,,56.142,TP,ugP/L,North-Epi
250925003-002,Alk,,25-Sep-25,00-Jan-00,5.7,,,,63.300000,Alk,mg/L as CaCO3,North-Epi
250925003-002,pH_L,,25-Sep-25,00-Jan-00,5.7,,,,8.15,pH_L,,North-Epi
250925003-003,TP,,25-Sep-25,00-Jan-00,5.7,,,15,10.687,TP,ugP/L,North-Met
250925003-003,NOX,,25-Sep-25,00-Jan-00,5.7,,,15,11.063,NOX,ugN/L,North-Met
250925003-003,tNH3,,25-Sep-25,00-Jan-00,5.7,,,15,168.88,tNH3,ugN/L,North-Met
250925003-003,TN,,25-Sep-25,00-Jan-00,5.7,,,15,497.328,TN,ugN/L,North-Met
250925003-003,pH_L,,25-Sep-25,00-Jan-00,5.7,,,15,6.97,pH_L,,North-Met
250925003-003,Alk,,25-Sep-25,00-Jan-00,5.7,,,15,70.350000,Alk,mg/L as CaCO3,North-Met
250925003-003,TDP,,25-Sep-25,00-Jan-00,5.7,,,15,89.768,TDP,ugP/L,North-Met
250925003-004,NOX,,25-Sep-25,00-Jan-00,5.7,,,16,1.847,NOX,ugN/L,North-Hyp
250925003-004,TP,,25-Sep-25,00-Jan-00,5.7,,,16,13.588,TP,ugP/L,North-Hyp
250925003-004,tNH3,,25-Sep-25,00-Jan-00,5.7,,,16,281.943,tNH3,ugN/L,North-Hyp
250925003-004,pH_L,,25-Sep-25,00-Jan-00,5.7,,,16,7.13,pH_L,,North-Hyp
250925003-004,TN,,25-Sep-25,00-Jan-00,5.7,,,16,711.151,TN,ugN/L,North-Hyp
250925003-004,Alk,,25-Sep-25,00-Jan-00,5.7,,,16,73.350000,Alk,mg/L as CaCO3,North-Hyp
250925003-004,TDP,,25-Sep-25,00-Jan-00,5.7,,,16,9.969,TDP,ugP/L,North-Hyp
250925003-005,NOX,,25-Sep-25,00-Jan-00,5.7,,,18,0.296,NOX,ugN/L,North-Bot-A
250925003-005,TDP,,25-Sep-25,00-Jan-00,5.7,,,18,17.498,TDP,ugP/L,North-Bot-A
250925003-005,TP,,25-Sep-25,00-Jan-00,5.7,,,18,20.892,TP,ugP/L,North-Bot-A
250925003-005,pH_L,,25-Sep-25,00-Jan-00,5.7,,,18,7.69,pH_L,,North-Bot-A
250925003-005,tNH3,,25-Sep-25,00-Jan-00,5.7,,,18,755.029,tNH3,ugN/L,North-Bot-A
250925003-005,Alk,,25-Sep-25,00-Jan-00,5.7,,,18,94.500000,Alk,mg/L as CaCO3,North-Bot-A
250925003-005,TN,,25-Sep-25,00-Jan-00,5.7,,,18,946.969,TN,ugN/L,North-Bot-A
250925003-006,NOX,,25-Sep-25,00-Jan-00,5.7,,,18,-0.714,NOX,ugN/L,North-Bot-B
250925003-006,TDP,,25-Sep-25,00-Jan-00,5.7,,,18,16.648,TDP,ugP/L,North-Bot-B
250925003-006,TP,,25-Sep-25,00-Jan-00,5.7,,,18,17.728,TP,ugP/L,North-Bot-B
250925003-006,pH_L,,25-Sep-25,00-Jan-00,5.7,,,18,7.60,pH_L,,North-Bot-B
250925003-006,tNH3,,25-Sep-25,00-Jan-00,5.7,,,18,799.872,tNH3,ugN/L,North-Bot-B
250925003-006,Alk,,25-Sep-25,00-Jan-00,5.7,,,18,93.500000,Alk,mg/L as CaCO3,North-Bot-B
250925003-006,TN,,25-Sep-25,00-Jan-00,5.7,,,18,969.672,TN,ugN/L,North-Bot-B
251009003-001,NOX,,08-Oct-25,00-Jan-00,4.0,,,,-0.683,NOX,ugN/L,North Surface
251009003-001,tNH3,,08-Oct-25,00-Jan-00,4.0,,,,12.57,tNH3,ugN/L,North Surface
251009003-001,TN,,08-Oct-25,00-Jan-00,4.0,,,,360.021,TN,ugN/L,North Surface
251009003-001,TDP,,08-Oct-25,00-Jan-00,4.0,,,,55.364,TDP,ugP/L,North Surface
251009003-001,pH_L,,08-Oct-25,00-Jan-00,4.0,,,,7.63,pH_L,,North Surface
251009003-001,TP,,08-Oct-25,00-Jan-00,4.0,,,,71.126,TP,ugP/L,North Surface
251009003-001,Alk,,08-Oct-25,00-Jan-00,4.0,,,,74.350000,Alk,mg/L as CaCO3,North Surface
251009003-002,tNH3,,08-Oct-25,00-Jan-00,4.0,,,13.5,38.678,tNH3,ugN/L,North-Met
251009003-002,TN,,08-Oct-25,00-Jan-00,4.0,,,13.5,425.228,TN,ugN/L,North-Met
251009003-002,Alk,,08-Oct-25,00-Jan-00,4.0,,,13.5,68.350000,Alk,mg/L as CaCO3,North-Met
251009003-002,pH_L,,08-Oct-25,00-Jan-00,4.0,,,13.5,7.54,pH_L,,North-Met
251009003-002,TDP,,08-Oct-25,00-Jan-00,4.0,,,13.5,76.458,TDP,ugP/L,North-Met
251009003-002,NOX,,08-Oct-25,00-Jan-00,4.0,,,13.5,8.081,NOX,ugN/L,North-Met
251009003-002,TP,,08-Oct-25,00-Jan-00,4.0,,,13.5,88.969,TP,ugP/L,North-Met
251009003-003,TP,,08-Oct-25,00-Jan-00,4.0,,,15.5,102.681,TP,ugP/L,North Hypo
251009003-003,NOX,,08-Oct-25,00-Jan-00,4.0,,,15.5,13.812,NOX,ugN/L,North Hypo
251009003-003,TN,,08-Oct-25,00-Jan-00,4.0,,,15.5,495.042,TN,ugN/L,North Hypo
251009003-003,Alk,,08-Oct-25,00-Jan-00,4.0,,,15.5,68.350000,Alk,mg/L as CaCO3,North Hypo
251009003-003,pH_L,,08-Oct-25,00-Jan-00,4.0,,,15.5,7.36,pH_L,,North Hypo
251009003-003,TDP,,08-Oct-25,00-Jan-00,4.0,,,15.5,81.483,TDP,ugP/L,North Hypo
251009003-003,tNH3,,08-Oct-25,00-Jan-00,4.0,,,15.5,98.08,tNH3,ugN/L,North Hypo
251009003-004,tNH3,,08-Oct-25,00-Jan-00,4.0,,A,17,125.433,tNH3,ugN/L,North-Bot-A
251009003-004,TP,,08-Oct-25,00-Jan-00,4.0,,A,17,125.659,TP,ugP/L,North-Bot-A
251009003-004,NOX,,08-Oct-25,00-Jan-00,4.0,,A,17,17.05,NOX,ugN/L,North-Bot-A
251009003-004,pH_L,,08-Oct-25,00-Jan-00,4.0,,A,17,7.27,pH_L,,North-Bot-A
251009003-004,TN,,08-Oct-25,00-Jan-00,4.0,,A,17,722.344,TN,ugN/L,North-Bot-A
251009003-004,Alk,,08-Oct-25,00-Jan-00,4.0,,A,17,74.350000,Alk,mg/L as CaCO3,North-Bot-A
251009003-004,TDP,,08-Oct-25,00-Jan-00,4.0,,A,17,76.715,TDP,ugP/L,North-Bot-A
251009003-005,TP,,08-Oct-25,00-Jan-00,4.0,,B,17,105.935,TP,ugP/L,North-Bot-B
251009003-005,NOX,,08-Oct-25,00-Jan-00,4.0,,B,17,11.226,NOX,ugN/L,North-Bot-B
251009003-005,tNH3,,08-Oct-25,00-Jan-00,4.0,,B,17,143.503,tNH3,ugN/L,North-Bot-B
251009003-005,TN,,08-Oct-25,00-Jan-00,4.0,,B,17,511.881,TN,ugN/L,North-Bot-B
251009003-005,pH_L,,08-Oct-25,00-Jan-00,4.0,,B,17,7.42,pH_L,,North-Bot-B
251009003-005,Alk,,08-Oct-25,00-Jan-00,4.0,,B,17,70.350000,Alk,mg/L as CaCO3,North-Bot-B
251009003-005,TDP,,08-Oct-25,00-Jan-00,4.0,,B,17,87.644,TDP,ugP/L,North-Bot-B
251009003-006,TDP,,08-Oct-25,00-Jan-00,4.0,,,,-0.054,TDP,ugP/L,Field Blank
251009003-006,TP,,08-Oct-25,00-Jan-00,4.0,,,,-0.65,TP,ugP/L,Field Blank
251009003-006,NOX,,08-Oct-25,00-Jan-00,4.0,,,,13.403,NOX,ugN/L,Field Blank
251009003-006,TN,,08-Oct-25,00-Jan-00,4.0,,,,-21.802,TN,ugN/L,Field Blank
251009003-006,tNH3,,08-Oct-25,00-Jan-00,4.0,,,,257.895,tNH3,ugN/L,Field Blank
251009003-006,Alk,,08-Oct-25,00-Jan-00,4.0,,,,3.000000,Alk,mg/L as CaCO3,Field Blank
251009003-006,pH_L,,08-Oct-25,00-Jan-00,4.0,,,,5.82,pH_L,,Field Blank
251023003-001,tNH3,,23-Oct-25,00-Jan-00,3.8,,,,1.135,tNH3,ugN/L,Field Blank
251023003-001,NOX,,23-Oct-25,00-Jan-00,3.8,,,,-1.824,NOX,ugN/L,Field Blank
251023003-001,Alk,,23-Oct-25,00-Jan-00,3.8,,,,2.000000,Alk,mg/L as CaCO3,Field Blank
251023003-001,TN,,23-Oct-25,00-Jan-00,3.8,,,,-22.365,TN,ugN/L,Field Blank
251023003-001,pH_L,,23-Oct-25,00-Jan-00,3.8,,,,5.90,pH_L,,Field Blank
251023003-002,tNH3,,23-Oct-25,00-Jan-00,3.8,,,,34.88,tNH3,ugN/L,North-Epi
251023003-002,TN,,23-Oct-25,00-Jan-00,3.8,,,,362.273,TN,ugN/L,North-Epi
251023003-002,NOX,,23-Oct-25,00-Jan-00,3.8,,,,37.965,NOX,ugN/L,North-Epi
251023003-002,Alk,,23-Oct-25,00-Jan-00,3.8,,,,66.350000,Alk,mg/L as CaCO3,North-Epi
251023003-002,pH_L,,23-Oct-25,00-Jan-00,3.8,,,,7.47,pH_L,,North-Epi
251023003-003,tNH3,,23-Oct-25,00-Jan-00,3.8,,,8.0,24.396,tNH3,ugN/L,North-Met
251023003-003,NOX,,23-Oct-25,00-Jan-00,3.8,,,8.0,38.661,NOX,ugN/L,North-Met
251023003-003,TN,,23-Oct-25,00-Jan-00,3.8,,,8.0,432.343,TN,ugN/L,North-Met
251023003-003,Alk,,23-Oct-25,00-Jan-00,3.8,,,8.0,66.350000,Alk,mg/L as CaCO3,North-Met
251023003-003,pH_L,,23-Oct-25,00-Jan-00,3.8,,,8.0,7.56,pH_L,,North-Met
251023003-004,tNH3,,23-Oct-25,00-Jan-00,3.8,,,12.0,27.182,tNH3,ugN/L,North-Hyp
251023003-004,NOX,,23-Oct-25,00-Jan-00,3.8,,,12.0,38.929,NOX,ugN/L,North-Hyp
251023003-004,TN,,23-Oct-25,00-Jan-00,3.8,,,12.0,381.569,TN,ugN/L,North-Hyp
251023003-004,Alk,,23-Oct-25,00-Jan-00,3.8,,,12.0,65.300000,Alk,mg/L as CaCO3,North-Hyp
251023003-004,pH_L,,23-Oct-25,00-Jan-00,3.8,,,12.0,7.61,pH_L,,North-Hyp
251023003-005,tNH3,,23-Oct-25,00-Jan-00,3.8,,A,17.5,31.343,tNH3,ugN/L,North-Bot-A
251023003-005,TN,,23-Oct-25,00-Jan-00,3.8,,A,17.5,386.892,TN,ugN/L,North-Bot-A
251023003-005,NOX,,23-Oct-25,00-Jan-00,3.8,,A,17.5,42.051,NOX,ugN/L,North-Bot-A
251023003-005,Alk,,23-Oct-25,00-Jan-00,3.8,,A,17.5,66.350000,Alk,mg/L as CaCO3,North-Bot-A
251023003-005,pH_L,,23-Oct-25,00-Jan-00,3.8,,A,17.5,7.46,pH_L,,North-Bot-A
251023003-006,NOX,,23-Oct-25,00-Jan-00,3.8,,B,17.5,39.089,NOX,ugN/L,North-Bot-B
251023003-006,TN,,23-Oct-25,00-Jan-00,3.8,,B,17.5,395.133,TN,ugN/L,North-Bot-B
251023003-006,tNH3,,23-Oct-25,00-Jan-00,3.8,,B,17.5,40.617,tNH3,ugN/L,North-Bot-B
251023003-006,Alk,,23-Oct-25,00-Jan-00,3.8,,B,17.5,65.300000,Alk,mg/L as CaCO3,North-Bot-B
251023003-006,pH_L,,23-Oct-25,00-Jan-00,3.8,,B,17.5,7.54,pH_L,,North-Bot-B
